index	size	group	group_name	ext	name
0	493551	0	Group1	EXE	rpg95.exe
1	98281	0	Group1	DLL	unlha32.dll
2	890048	0	Group1	HLP	rpg95.hlp
3	21223	0	Group1	DLL	USER32.DLL
4	1302	1	Group2	TXT	readme.txt
5	4163	1	Group2	DAT	CHARA.DAT
6	604	1	Group2	DAT	EPARTY.DAT
7	93	1	Group2	DAT	EVE99999.DAT
8	1198	1	Group2	DAT	ITEM.DAT
9	1091	1	Group2	DAT	MAGIC.DAT
10	113	1	Group2	ATR	MCHIP0.ATR
11	61	1	Group2	ATR	MCHIP1.ATR
12	72	1	Group2	ATR	MCHIP2.ATR
13	38	1	Group2	ATR	MCHIP3.ATR
14	358271	1	Group2	DAT	MONSTPIC.DAT
15	604	1	Group2	DAT	PARAM.DAT
16	1057	2	Group3	DAT	STRINGS.DAT
17	147734	2	Group3	BMP	chara.bmp
18	130057	2	Group3	BMP	MCHIP0.BMP
19	71163	2	Group3	BMP	MCHIP1.BMP
20	79202	2	Group3	BMP	MCHIP2.BMP
21	58104	3	Group4	BMP	MCHIP3.BMP
22	241493	3	Group4	EXE	game.exe
23	112888	4	Group5	EXE	SETUP.EXE
24	890048	5	Group6	HLP	rpg95.hlp
25	4186	5	Group6	BMP	BG01.BMP
26	82382	5	Group6	BMP	BG02.BMP
27	84863	5	Group6	BMP	BG03.BMP
28	68626	5	Group6	BMP	BG04.BMP
29	70811	5	Group6	BMP	BG05.BMP
30	94851	5	Group6	BMP	BG06.BMP
31	75350	5	Group6	BMP	BG07.BMP
32	53184	5	Group6	BMP	BG08.BMP
33	43161	5	Group6	BMP	BG09.BMP
34	85318	5	Group6	BMP	BG10.BMP
35	23118	5	Group6	BMP	BG11.BMP
36	51151	5	Group6	BMP	BG12.BMP
37	55569	5	Group6	BMP	BG13.BMP
38	40929	5	Group6	BMP	BG14.BMP
39	38538	5	Group6	BMP	BG15.BMP
40	116044	5	Group6	BMP	BG16.BMP
41	44507	5	Group6	BMP	BG17.BMP
42	22850	5	Group6	BMP	BG18.BMP
43	45868	5	Group6	BMP	BG19.BMP
44	79609	6	Group7	BMP	BG20.BMP
45	729	6	Group7	MID	B004A.MID
46	3229	6	Group7	MID	B001B.MID
47	548	6	Group7	MID	B002A.MID
48	4022	6	Group7	MID	B002B.MID
49	859	6	Group7	MID	B003A.MID
50	5028	6	Group7	MID	B003B.MID
51	551	6	Group7	MID	B001A.MID
52	1954	6	Group7	MID	B004B.MID
53	912	6	Group7	MID	C001.MID
54	841	6	Group7	MID	C002.MID
55	752	6	Group7	MID	C003.MID
56	1006	6	Group7	MID	C004.MID
57	1485	6	Group7	MID	C005.MID
58	833	6	Group7	MID	C006.MID
59	814	6	Group7	MID	D001.MID
60	8070	6	Group7	MID	D002.MID
61	4900	6	Group7	MID	D003.MID
62	1863	6	Group7	MID	D004.MID
63	694	6	Group7	MID	D005.MID
64	1039	6	Group7	MID	D006.MID
65	1295	6	Group7	MID	D007.MID
66	549	6	Group7	MID	E001.MID
67	745	6	Group7	MID	E002.MID
68	815	6	Group7	MID	E003.MID
69	592	6	Group7	MID	E004.MID
70	780	6	Group7	MID	E005.MID
71	933	6	Group7	MID	E006.MID
72	914	6	Group7	MID	E007.MID
73	716	6	Group7	MID	E008.MID
74	911	6	Group7	MID	E009.MID
75	1410	6	Group7	MID	E010.MID
76	752	6	Group7	MID	E011.MID
77	3374	6	Group7	MID	E012.MID
78	3411	6	Group7	MID	E013.MID
79	654	6	Group7	MID	E014.MID
80	906	6	Group7	MID	E015.MID
81	552	6	Group7	MID	E016.MID
82	1270	6	Group7	MID	E017.MID
83	1326	6	Group7	MID	E018.MID
84	598	6	Group7	MID	E019.MID
85	2460	6	Group7	MID	EN01.MID
86	2387	6	Group7	MID	EN02.MID
87	2929	6	Group7	MID	EN03.MID
88	4938	6	Group7	MID	F001.MID
89	1183	6	Group7	MID	F002.MID
90	1057	6	Group7	MID	F003.MID
91	2070	6	Group7	MID	F004.MID
92	1248	6	Group7	MID	F005.MID
93	1191	6	Group7	MID	F006.MID
94	421	6	Group7	MID	G001.MID
95	555	6	Group7	MID	G002.MID
96	549	6	Group7	MID	G003.MID
97	155	6	Group7	MID	INZ.MID
98	155	6	Group7	MID	INZ2.MID
99	504	6	Group7	MID	J001.MID
100	505	6	Group7	MID	J002.MID
101	438	6	Group7	MID	J003.MID
102	501	6	Group7	MID	J004.MID
103	476	6	Group7	MID	J005.MID
104	555	6	Group7	MID	J006.MID
105	421	6	Group7	MID	J007.MID
106	588	6	Group7	MID	J008.MID
107	495	6	Group7	MID	J009.MID
108	343	6	Group7	MID	J010.MID
109	412	6	Group7	MID	J011.MID
110	347	6	Group7	MID	J012.MID
111	284	6	Group7	MID	J013.MID
112	296	6	Group7	MID	J014.MID
113	291	6	Group7	MID	J015.MID
114	341	6	Group7	MID	J016.MID
115	657	6	Group7	MID	K001.MID
116	635	6	Group7	MID	K002.MID
117	312	6	Group7	MID	L001.MID
118	470	6	Group7	MID	L002.MID
119	400	6	Group7	MID	L003.MID
120	749	6	Group7	MID	L004.MID
121	309	6	Group7	MID	L005.MID
122	588	6	Group7	MID	L006.MID
123	716	6	Group7	MID	M001.MID
124	3037	6	Group7	MID	M002.MID
125	512	6	Group7	MID	M003.MID
126	677	6	Group7	MID	M004.MID
127	633	6	Group7	MID	M005.MID
128	52	6	Group7	WAV	NOSOUND.WAV
129	2977	6	Group7	MID	OP01.MID
130	1161	6	Group7	MID	OP02.MID
131	4885	6	Group7	MID	OP03.MID
132	1117	6	Group7	MID	R001.MID
133	1105	6	Group7	MID	R002.MID
134	5689	6	Group7	MID	S001.MID
135	1708	6	Group7	MID	S002.MID
136	667	6	Group7	MID	T001.MID
137	698	6	Group7	MID	T002.MID
138	1534	6	Group7	MID	T003.MID
139	1461	6	Group7	MID	T004.MID
140	4598	6	Group7	MID	TOWN1.MID
141	1405	6	Group7	MID	TOWN2.MID
142	1000	6	Group7	MID	TOWN3.MID
143	1230	6	Group7	MID	TOWN4.MID
144	1453	6	Group7	MID	TOWN5.MID
145	852	6	Group7	MID	TOWN6.MID
146	1043	6	Group7	MID	TOWN7.MID
147	2058	7	Group8	MID	TOWN8.MID
148	12227	7	Group8	WAV	ARROWHIT.WAV
149	11194	7	Group8	WAV	ARRRG.WAV
150	6260	7	Group8	WAV	BANGER.WAV
151	37001	7	Group8	WAV	BOMB.WAV
152	9989	7	Group8	WAV	BOOM.WAV
153	4445	7	Group8	WAV	CLOSE.WAV
154	3432	7	Group8	WAV	CREAK.WAV
155	6433	7	Group8	WAV	CREAK2.WAV
156	18312	7	Group8	WAV	CREAKDOA.WAV
157	9943	7	Group8	WAV	CRUNCH.WAV
158	5374	7	Group8	WAV	DOASHUT3.WAV
159	5020	7	Group8	WAV	DOORSHUT.WAV
160	16780	7	Group8	WAV	ELECTRIX.WAV
161	8898	7	Group8	WAV	ELECTRO.WAV
162	11919	7	Group8	WAV	ERROR.WAV
163	30610	7	Group8	WAV	EXPLOS3.WAV
164	13744	7	Group8	WAV	FASTARW.WAV
165	3158	7	Group8	WAV	Flamer.wav
166	10017	7	Group8	WAV	FOOTSTEP.WAV
167	11484	7	Group8	WAV	FOOTSTP3.WAV
168	27599	7	Group8	WAV	GLSMASH.WAV
169	8429	7	Group8	WAV	HEALER.WAV
170	2149	7	Group8	WAV	HITPOINT.WAV
171	4023	7	Group8	WAV	KNOCK.WAV
172	7201	7	Group8	WAV	KYUDO.WAV
173	3038	7	Group8	WAV	LATCH.WAV
174	42494	7	Group8	WAV	MAGIC.WAV
175	5252	7	Group8	WAV	METAL.WAV
176	19686	7	Group8	WAV	MIZU.WAV
177	44249	7	Group8	WAV	MONSTER.WAV
178	21718	7	Group8	WAV	MONSTER2.WAV
179	50985	7	Group8	WAV	MONSTER3.WAV
180	5478	7	Group8	WAV	NINJAHIT.WAV
181	54500	7	Group8	WAV	NOIZEHIT.WAV
182	52	7	Group8	WAV	NOSOUND.WAV
183	15823	7	Group8	WAV	OBAKEDOA.WAV
184	6320	7	Group8	WAV	PAKU.WAV
185	13869	7	Group8	WAV	POWERUP.WAV
186	5899	7	Group8	WAV	PUNCH.WAV
187	5256	7	Group8	WAV	REFRESH1.WAV
188	7977	7	Group8	WAV	ROPEWHIP.WAV
189	8377	7	Group8	WAV	SHOT1.WAV
190	5198	7	Group8	WAV	SLUDGE.WAV
191	15236	7	Group8	WAV	SNAREHIT.WAV
192	2717	7	Group8	WAV	SWORD.WAV
193	7153	7	Group8	WAV	SWORD3.WAV
194	5193	7	Group8	WAV	SWORDHAI.WAV
195	46954	7	Group8	WAV	THUNDER.WAV
196	17996	7	Group8	WAV	THUNDER2.WAV
197	62084	7	Group8	WAV	WARPOUT.WAV
198	4849	7	Group8	WAV	WHACK.WAV
199	6079	7	Group8	WAV	WIBBLE.WAV
200	3403	7	Group8	WAV	ZAP64.WAV
201	4647	8	Group9	WAV	ZAPPER.WAV
202	2178	8	Group9	BMP	ANM06.BMP
203	5026	8	Group9	BMP	ANM01.BMP
204	3086	8	Group9	BMP	ANM02.BMP
205	3040	8	Group9	BMP	ANM03.BMP
206	3914	8	Group9	BMP	ANM04.BMP
207	4335	8	Group9	BMP	ANM05.BMP
208	2913	8	Group9	BMP	ANM00.BMP
209	2933	8	Group9	BMP	ANM07.BMP
210	2328	8	Group9	BMP	ANM08.BMP
211	4648	8	Group9	BMP	ANM09.BMP
212	3099	8	Group9	BMP	ANM10.BMP
213	2525	8	Group9	BMP	ANM11.BMP
214	3009	8	Group9	BMP	ANM12.BMP
215	5731	8	Group9	BMP	ANM13.BMP
216	5624	8	Group9	BMP	ANM14.BMP
217	6772	8	Group9	BMP	ANM15.BMP
218	2302	8	Group9	BMP	ANM16.BMP
219	12673	8	Group9	BMP	ANM17.BMP
220	3427	8	Group9	BMP	ANM18.BMP
221	3256	8	Group9	BMP	ANM19.BMP
222	2257	8	Group9	BMP	ANM20.BMP
223	3828	8	Group9	BMP	ANM21.BMP
224	4075	8	Group9	BMP	ANM22.BMP
225	6517	8	Group9	BMP	ANM23.BMP
226	2808	8	Group9	BMP	ANM24.BMP
227	7975	8	Group9	BMP	ANM25.BMP
228	4337	8	Group9	BMP	ANM26.BMP
229	6854	8	Group9	BMP	ANM27.BMP
230	3763	8	Group9	BMP	ANM28.BMP
231	1435	8	Group9	BMP	ANM29.BMP
232	4321	8	Group9	BMP	ANM30.BMP
233	3349	8	Group9	BMP	ANM31.BMP
234	12640	8	Group9	BMP	ANM32.BMP
235	2225	8	Group9	BMP	ANM33.BMP
236	4617	8	Group9	BMP	ANM34.BMP
237	3248	8	Group9	BMP	ANM35.BMP
238	4355	8	Group9	BMP	ANM36.BMP
239	2514	8	Group9	BMP	ANM37.BMP
240	3238	8	Group9	BMP	ANM38.BMP
241	2414	8	Group9	BMP	ANM39.BMP
242	8078	8	Group9	BMP	ANM40.BMP
243	7404	9	Group10	BMP	ANM41.BMP
244	172	10	Group11	TXT	readme.txt
245	67984	10	Group11	BMP	ENEMY1.BMP
246	84996	10	Group11	BMP	ENEMY0.BMP
247	95503	10	Group11	BMP	ENEMY2.BMP
248	74892	10	Group11	BMP	ENEMY3.BMP
249	82602	10	Group11	BMP	ENEMY4.BMP
250	72451	10	Group11	BMP	ENEMY5.BMP
251	44195	10	Group11	BMP	ENEMY6.BMP
252	18503	10	Group11	BMP	ENEMY7.BMP
253	73	11	Group12	TXT	readme.txt
254	163	11	Group12	TXT	readme.txt
255	182094	0	Group1	EXE	game_engl_123.exe
